﻿MAP,WORLD,,,,,,,,,,,,
LAYER,国,,,,,,,,,,,,
DUMMY,世界,,,,,,,,,,,,
TITLE,地域,2010年推計人口,2020年推計人口,2010-2020年人口増加数,2010-2020年人口増加率,面積,国名日本語表記,国名英語表記,ISO 3166-1国名コード2文字,ISO 3166-1国名コード3文字,ISO 3166-1国番号,国名英語表記(Long Name),FAOSTATコード
UNIT,CAT,千人,千人,千人,%,km2,STR,STR,STR,STR,STR,STR,STR
NOTE,,World Population Prospects 2019,World Population Prospects 2019,World Population Prospects 2019,World Population Prospects 2019,『世界の統計2016』より,オブジェクト名として使用可能,オブジェクト名として使用可能,オブジェクト名として使用可能,オブジェクト名として使用可能,オブジェクト名として使用可能,,FAOSTATで使用されている国コードで、オブジェクト名として使用可能(先頭のFはISO-3166-1の国番号と区別するため)
DATA_MISSING,,ON,ON,ON,ON,ON,,,,,,,
アゼルバイジャン,アジア,9032.465,10139.175,1106.710,12.25,86600,アゼルバイジャン,Azerbaijan,AZ,AZE,31,Azerbaijan,F52
アフガニスタン,アジア,29185.511,38928.341,9742.830,33.38,652864,アフガニスタン,Afghanistan,AF,AFG,4,Afghanistan,F2
アラブ首長国連邦,アジア,8549.998,9890.400,1340.402,15.68,83600,アラブ首長国連邦,United Arab Emirates,AE,ARE,784,United Arab Emirates,F225
アルメニア,アジア,2877.314,2963.234,85.920,2.99,29743,アルメニア,Armenia,AM,ARM,51,Armenia,F1
イエメン,アジア,23154.854,29825.968,6671.114,28.81,527968,イエメン,Yemen,YE,YEM,887,Yemen,F249
イスラエル,アジア,7346.446,8655.541,1309.095,17.82,22072,イスラエル,Israel,IL,ISR,376,Israel,F105
イラク,アジア,29741.977,40222.503,10480.526,35.24,435052,イラク,Iraq,IQ,IRQ,368,Iraq,F103
イラン,アジア,73762.519,83992.953,10230.434,13.87,1628750,イラン,Iran,IR,IRN,364,Iran,F102
インド,アジア,1234281.163,1380004.385,145723.222,11.81,3287263,インド,India,IN,IND,356,India,F100
インドネシア,アジア,241834.226,273523.621,31689.395,13.10,1910931,インドネシア,Indonesia,ID,IDN,360,Indonesia,F101
ウズベキスタン,アジア,28515.908,33469.199,4953.291,17.37,447400,ウズベキスタン,Uzbekistan,UZ,UZB,860,Uzbekistan,F235
オマーン,アジア,3041.435,5106.622,2065.187,67.90,309500,オマーン,Oman,OM,OMN,512,Oman,F221
カザフスタン,アジア,16252.273,18776.707,2524.434,15.53,2724902,カザフスタン,Kazakhstan,KZ,KAZ,398,Kazakhstan,F108
カタール,アジア,1856.329,2881.060,1024.731,55.20,11607,カタール,Qatar,QA,QAT,634,Qatar,F179
カンボジア,アジア,14312.205,16718.971,2406.766,16.82,181035,カンボジア,Cambodia,KH,KHM,116,Cambodia,F115
キプロス,アジア,1112.617,1207.361,94.744,8.52,9251,キプロス,Cyprus,CY,CYP,196,Cyprus,F50
キルギス,アジア,5422.298,6524.191,1101.893,20.32,199949,キルギス,Kyrgyz,KG,KGZ,417,Kyrgyz,F113
クウェート,アジア,2991.884,4270.563,1278.679,42.74,17818,クウェート,Kuwait,KW,KWT,414,Kuwait,F118
サウジアラビア,アジア,27421.468,34813.867,7392.399,26.96,2206714,サウジアラビア,Saudi Arabia,SA,SAU,682,Saudi Arabia,F194
ジョージア,アジア,4099.096,3989.175,-109.921,-2.68,69700,ジョージア,Georgia,GE,GEO,268,Georgia,F73
シリア,アジア,21362.541,17500.657,-3861.884,-18.08,185180,シリア,Syria,SY,SYR,760,Syria,F212
シンガポール,アジア,5131.17,5850.343,719.173,14.02,718,シンガポール,Singapore,SG,SGP,702,Singapore,F200
スリランカ,アジア,20261.738,21413.250,1151.512,5.68,65610,スリランカ,Sri Lanka,LK,LKA,144,Sri Lanka,F38
タイ,アジア,67195.032,69799.978,2604.946,3.88,513120,タイ,Thailand,TH,THA,764,Thailand,F216
タジキスタン,アジア,7527.397,9537.642,2010.245,26.71,142600,タジキスタン,Tajikistan,TJ,TJK,762,Tajikistan,F208
トルクメニスタン,アジア,5087.211,6031.187,943.976,18.56,488100,トルクメニスタン,Turkmenistan,TM,TKM,795,Turkmenistan,F213
トルコ,アジア,72326.992,84339.067,12012.075,16.61,783562,トルコ,Turkey,TR,TUR,792,Turkey,F223
ネパール,アジア,27013.207,29136.808,2123.601,7.86,147181,ネパール,Nepal,NP,NPL,524,Nepal,F149
バーレーン,アジア,1240.864,1701.583,460.719,37.13,771,バーレーン,Bahrain,BH,BHR,48,Bahrain,F13
パキスタン,アジア,179424.643,220892.331,41467.688,23.11,796095,パキスタン,Pakistan,PK,PAK,586,Pakistan,F165
バングラデシュ,アジア,147575.433,164689.383,17113.950,11.60,147570,バングラデシュ,Bangladesh,BD,BGD,50,Bangladesh,F16
フィリピン,アジア,93966.784,109581.085,15614.301,16.62,300000,フィリピン,Philippines,PH,PHL,608,Philippines,F171
ブータン,アジア,685.502,771.612,86.110,12.56,38394,ブータン,Bhutan,BT,BTN,64,Bhutan,F18
ブルネイ,アジア,388.634,437.483,48.849,12.57,5765,ブルネイ,Brunei,BN,BRN,96,Brunei,F26
ベトナム,アジア,87967.655,97338.583,9370.928,10.65,330967,ベトナム,Vietnam,VN,VNM,704,Vietnam,F237
マレーシア,アジア,28208.028,32365.998,4157.970,14.74,330396,マレーシア,Malaysia,MY,MYS,458,Malaysia,F131
ミャンマー,アジア,50600.827,54409.794,3808.967,7.53,676577,ミャンマー,Myanmar,MM,MMR,104,Myanmar (Burma),F28
モルディブ,アジア,365.73,540.542,174.812,47.80,300,モルディブ,Maldives,MV,MDV,462,Maldives,F132
モンゴル,アジア,2719.902,3278.292,558.390,20.53,1564116,モンゴル,Mongolia,MN,MNG,496,Mongolia,F141
ヨルダン,アジア,7261.541,10203.140,2941.599,40.51,89318,ヨルダン,Jordan,JO,JOR,400,Jordan,F112
ラオス,アジア,6249.168,7275.556,1026.388,16.42,236800,ラオス,Laos,LA,LAO,418,Laos,F120
レバノン,アジア,4953.064,6825.442,1872.378,37.80,10452,レバノン,Lebanon,LB,LBN,422,Lebanon,F121
韓国,アジア,49545.638,51269.183,1723.545,3.48,100266,韓国,South Korea,KR,KOR,410,"Korea, Republic of",F117
中国,アジア,1368810.604,1439323.774,70513.170,5.15,9596961,中国,China,CN,CHN,156,China,F351
朝鮮民主主義人民共和国,アジア,24548.84,25778.815,1229.975,5.01,120538,朝鮮民主主義人民共和国,North Korea,KP,PRK,408,"Korea, Democratic People's Republic of",F116
東ティモール,アジア,1093.517,1318.442,224.925,20.57,14919,東ティモール,East Timor,TL,TLS,626,East Timor,F176
日本,アジア,128542.349,126476.458,-2065.891,-1.61,377972,日本,Japan,JP,JPN,392,Japan,F110
アルジェリア,アフリカ,35977.451,43851.043,7873.592,21.88,2381741,アルジェリア,Algeria,DZ,DZA,12,Algeria,F4
アンゴラ,アフリカ,23356.247,32866.268,9510.021,40.72,1246700,アンゴラ,Angola,AO,AGO,24,Angola,F7
ウガンダ,アフリカ,32428.164,45741.000,13312.836,41.05,241550,ウガンダ,Uganda,UG,UGA,800,Uganda,F226
エジプト,アフリカ,82761.244,102334.403,19573.159,23.65,1002000,エジプト,Egypt,EG,EGY,818,Egypt,F59
エチオピア,アフリカ,87639.962,114963.583,27323.621,31.18,1104300,エチオピア,Ethiopia,ET,ETH,231,Ethiopia,F238
エリトリア,アフリカ,3170.437,3546.427,375.990,11.86,117600,エリトリア,Eritrea,ER,ERI,232,Eritrea,F178
ガーナ,アフリカ,24779.614,31072.945,6293.331,25.40,238537,ガーナ,Ghana,GH,GHA,288,Ghana,F81
カーボベルデ,アフリカ,492.644,555.988,63.344,12.86,4033,カーボベルデ,Cape Verde,CV,CPV,132,Cape Verde,F35
ガボン,アフリカ,1624.146,2225.728,601.582,37.04,267668,ガボン,Gabon,GA,GAB,266,Gabon,F74
カメルーン,アフリカ,20341.236,26545.864,6204.628,30.50,475650,カメルーン,Cameroon,CM,CMR,120,Cameroon,F32
ガンビア,アフリカ,1793.199,2416.664,623.465,34.77,11295,ガンビア,The Gambia,GM,GMB,270,"Gambia, The",F75
ギニア,アフリカ,10192.168,13132.792,2940.624,28.85,245857,ギニア,Guinea,GN,GIN,324,Guinea,F90
ギニアビサウ,アフリカ,1522.603,1967.998,445.395,29.25,36125,ギニアビサウ,Guinea-Bissau,GW,GNB,624,Guinea-Bissau,F175
ケニア,アフリカ,42030.684,53771.300,11740.616,27.93,591958,ケニア,Kenya,KE,KEN,404,Kenya,F114
コートジボワール,アフリカ,20532.944,26378.275,5845.331,28.47,322463,コートジボワール,Cote d'Ivory,CI,CIV,384,Cote d'Ivoire,F107
コモロ,アフリカ,689.696,869.595,179.899,26.08,2235,コモロ,Comoros,KM,COM,174,Comoros,F45
コンゴ共和国,アフリカ,4273.738,5518.092,1244.354,29.12,342000,コンゴ共和国,Congo,CG,COG,178,Congo (Republic of the),F46
コンゴ民主共和国,アフリカ,64563.853,89561.404,24997.551,38.72,2344858,コンゴ民主共和国,"Congo, DRC",CD,COD,180,Congo (Democratic Republic of the),F250
サントメ・プリンシペ,アフリカ,180.372,219.161,38.789,21.51,964,サントメ・プリンシペ,Sao Tome & Principe,ST,STP,678,Sao Tome and Principe,F193
ザンビア,アフリカ,13605.986,18383.956,4777.970,35.12,752612,ザンビア,Zambia,ZM,ZMB,894,Zambia,F251
シエラレオネ,アフリカ,6415.636,7976.985,1561.349,24.34,72300,シエラレオネ,Sierra Leone,SL,SLE,694,Sierra Leone,F197
ジブチ,アフリカ,840.194,988.002,147.808,17.59,23200,ジブチ,Djibouti,DJ,DJI,262,Djibouti,F72
ジンバブエ,アフリカ,12697.728,14862.927,2165.199,17.05,390757,ジンバブエ,Zimbabwe,ZW,ZWE,716,Zimbabwe,F181
スーダン,アフリカ,34545.014,43849.269,9304.255,26.93,,スーダン,Sudan,SD,SDN,729,Sudan,F276
エスワティニ,アフリカ,1064.841,1160.164,95.323,8.95,17363,スワジランド,Eswatini,SZ,SWZ,748,Swaziland,F209
セーシェル,アフリカ,91.273,98.340,7.067,7.74,457,セーシェル,Seychelles,SC,SYC,690,Seychelles,F196
セネガル,アフリカ,12678.143,16743.930,4065.787,32.07,196712,セネガル,Senegal,SN,SEN,686,Senegal,F195
ソマリア,アフリカ,12043.886,15893.219,3849.333,31.96,637657,ソマリア,Somalia,SO,SOM,706,Somalia,F201
タンザニア,アフリカ,44346.532,59734.213,15387.681,34.70,947303,タンザニア,Tanzania,TZ,TZA,834,"Tanzania, United Republic of",F215
チャド,アフリカ,11952.134,16425.859,4473.725,37.43,1284000,チャド,Chad,TD,TCD,148,Chad,F39
チュニジア,アフリカ,10635.245,11818.618,1183.373,11.13,163610,チュニジア,Tunisia,TN,TUN,788,Tunisia,F222
トーゴ,アフリカ,6421.674,8278.737,1857.063,28.92,56785,トーゴ,Togo,TG,TGO,768,Togo,F217
ナイジェリア,アフリカ,158503.203,206139.587,47636.384,30.05,923768,ナイジェリア,Nigeria,NG,NGA,566,Nigeria,F159
ナミビア,アフリカ,2118.877,2540.916,422.039,19.92,824268,ナミビア,Namibia,NA,NAM,516,Namibia,F147
ニジェール,アフリカ,16464.025,24206.636,7742.611,47.03,1267000,ドミニカ共和国,Niger,NE,NER,562,Niger,F158
ブルキナファソ,アフリカ,15605.211,20903.278,5298.067,33.95,272967,ブルキナファソ,Burkina Faso,BF,BFA,854,Burkina Faso,F233
ブルンジ,アフリカ,8675.606,11890.781,3215.175,37.06,27834,ブルネイ,Burundi,BI,BDI,108,Burundi,F29
ベナン,アフリカ,9199.254,12123.198,2923.944,31.78,114763,ベナン,Benin,BJ,BEN,204,Benin,F53
ボツワナ,アフリカ,1987.106,2351.625,364.519,18.34,582000,ボツワナ,Botswana,BW,BWA,72,Botswana,F20
マダガスカル,アフリカ,21151.64,27691.019,6539.379,30.92,587295,マダガスカル,Madagascar,MG,MDG,450,Madagascar,F129
マラウイ,アフリカ,14539.609,19129.955,4590.346,31.57,118484,マラウイ,Malawi,MW,MWI,454,Malawi,F130
マリ,アフリカ,15049.352,20250.834,5201.482,34.56,1240192,マリ,Mali,ML,MLI,466,Mali,F133
モーリシャス,アフリカ,1247.953,1271.767,23.814,1.91,1969,モーリシャス,Mauritius,MU,MUS,480,Mauritius,F137
モーリタニア,アフリカ,3494.2,4649.660,1155.460,33.07,1030700,モーリタニア,Mauritania,MR,MRT,478,Mauritania,F136
モザンビーク,アフリカ,23531.567,31255.435,7723.868,32.82,799380,モザンビーク,Mozambique,MZ,MOZ,508,Mozambique,F144
モロッコ,アフリカ,32343.384,36910.558,4567.174,14.12,446550,モロッコ,Morocco,MA,MAR,504,Morocco,F143
リビア,アフリカ,6197.667,6871.287,673.620,10.87,1676198,リビア,Libya,LY,LBY,434,Libya,F124
リベリア,アフリカ,3891.357,5057.677,1166.320,29.97,111369,リベリア,Liberia,LR,LBR,430,Liberia,F123
ルワンダ,アフリカ,10039.338,12952.209,2912.871,29.01,26338,ルワンダ,Rwanda,RW,RWA,646,Rwanda,F184
レソト,アフリカ,1995.575,2142.252,146.677,7.35,30355,レソト,Lesotho,LS,LSO,426,Lesotho,F122
赤道ギニア,アフリカ,943.64,1402.985,459.345,48.68,28051,赤道ギニア,Equatorial Guinea,GQ,GNQ,226,Equatorial Guinea,F61
中央アフリカ,アフリカ,4386.765,4829.764,442.999,10.10,622984,中央アフリカ,Central African Republic,CF,CAF,140,Central African Republic,F37
南アフリカ,アフリカ,51216.967,59308.690,8091.723,15.80,1221037,南アフリカ,South Africa,ZA,ZAF,710,South Africa,F202
南スーダン,アフリカ,9508.372,11193.729,1685.357,17.72,658841,南スーダン,South Sudan,SS,SSD,728,South Sudan,F277
オーストラリア,オセアニア,22154.687,25499.881,3345.194,15.10,7692024,オーストラリア,Australia,AU,AUS,36,Australia,F10
キリバス,オセアニア,102.93,119.446,16.516,16.05,726,キリバス,Kiribati,KI,KIR,296,Kiribati,F83
クック諸島,オセアニア,18.392,17.564,-0.828,-4.50,236,クック諸島,Cook Is.,CK,COK,184,Cook Islands,F47
サモア,オセアニア,185.944,198.410,12.466,6.70,2842,サモア,Samoa,WS,WSM,882,Samoa,F244
ソロモン諸島,オセアニア,527.861,686.878,159.017,30.12,28896,ソロモン諸島,Solomon Is.,SB,SLB,90,Solomon Islands,F25
ツバル,オセアニア,10.521,11.792,1.271,12.08,26,ツバル,Tuvalu,TV,TUV,798,Tuvalu,F227
トンガ,オセアニア,103.981,105.697,1.716,1.65,747,トンガ,Tonga,TO,TON,776,Tonga,F219
ナウル,オセアニア,10.009,10.834,0.825,8.24,21,ナウル,Nauru,NR,NRU,520,Nauru,F148
ニウエ,オセアニア,1.622,1.618,-0.004,-0.25,260,ニウエ,Niue,NU,NIU,570,Niue,F160
ニュージーランド,オセアニア,4370.06,4822.233,452.173,10.35,268107,ニュージーランド,New Zealand,NZ,NZL,554,New Zealand,F156
バヌアツ,オセアニア,236.216,307.150,70.934,30.03,12189,バヌアツ,Vanuatu,VU,VUT,548,Vanuatu,F155
パプアニューギニア,オセアニア,7310.512,8947.027,1636.515,22.39,462840,パプアニューギニア,Papua New Guinea,PG,PNG,598,Papua New Guinea,F168
パラオ,オセアニア,17.954,18.092,0.138,0.77,459,パラオ,Palau,PW,PLW,585,Palau,F180
フィジー,オセアニア,859.816,896.444,36.628,4.26,18272,フィジー,Fiji,FJ,FJI,242,Fiji,F66
マーシャル諸島,オセアニア,56.361,59.194,2.833,5.03,181,マーシャル諸島,Marshall Is.,MH,MHL,584,Marshall Islands,F127
ミクロネシア,オセアニア,102.916,115.021,12.105,11.76,702,ミクロネシア,Micronesia,FM,FSM,583,Federated States of Micronesia,F145
アイスランド,ヨーロッパ,320.342,341.250,20.908,6.53,103000,アイスランド,Iceland,IS,ISL,352,Iceland,F99
アイルランド,ヨーロッパ,4554.33,4937.796,383.466,8.42,69797,アイルランド,Ireland,IE,IRL,372,Ireland,F104
アルバニア,ヨーロッパ,2948.029,2877.800,-70.229,-2.38,28748,アルバニア,Albania,AL,ALB,8,Albania,F3
アンドラ,ヨーロッパ,84.454,77.265,-7.189,-8.51,468,アンドラ,Andorra,AD,AND,20,Andorra,F6
イギリス,ヨーロッパ,63459.801,67886.004,4426.203,6.97,242495,イギリス,United Kingdom,GB,GBR,826,United Kingdom,F229
イタリア,ヨーロッパ,59325.232,60461.828,1136.596,1.92,302073,イタリア,Italy,IT,ITA,380,Italy,F106
ウクライナ,ヨーロッパ,45792.086,43733.759,-2058.327,-4.49,603500,ウクライナ,Ukraine,UA,UKR,804,Ukraine,F230
エストニア,ヨーロッパ,1332.103,1326.539,-5.564,-0.42,45227,エストニア,Estonia,EE,EST,233,Estonia,F63
オーストリア,ヨーロッパ,8409.945,9006.400,596.455,7.09,83871,オーストリア,Austria,AT,AUT,40,Austria,F11
オランダ,ヨーロッパ,16682.927,17134.873,451.946,2.71,37354,オランダ,Netherlands,NL,NLD,528,Netherlands,F150
ギリシャ,ヨーロッパ,10887.64,10423.056,-464.584,-4.27,131957,ギリシャ,Greece,GR,GRC,300,Greece,F84
クロアチア,ヨーロッパ,4328.163,4105.268,-222.895,-5.15,56594,クロアチア,Croatia,HR,HRV,191,Croatia,F98
サンマリノ,ヨーロッパ,31.221,33.938,2.717,8.70,61,サンマリノ,San Marino,SM,SMR,674,San Marino,F192
スイス,ヨーロッパ,7808.674,8654.618,845.944,10.83,41285,スイス,Switzerland,CH,CHE,756,Switzerland,F211
スウェーデン,ヨーロッパ,9390.157,10099.270,709.113,7.55,450295,スウェーデン,Sweden,SE,SWE,752,Sweden,F210
スペイン,ヨーロッパ,46931.011,46754.783,-176.228,-0.38,505970,スペイン,Spain,ES,ESP,724,Spain,F203
スロバキア,ヨーロッパ,5404.293,5459.643,55.350,1.02,49035,スロバキア,Slovakia,SK,SVK,703,Slovakia,F199
スロベニア,ヨーロッパ,2043.336,2078.932,35.596,1.74,20273,スロベニア,Slovenia,SI,SVN,705,Slovenia,F198
セルビア,ヨーロッパ,8991.258,8737.370,-253.888,-2.82,88361,セルビア,Serbia,RS,SRB,688,Serbia,F272
チェコ,ヨーロッパ,10536.514,10708.982,172.468,1.64,78867,チェコ,Czech Republic,CZ,CZE,203,Czech Republic,F167
デンマーク,ヨーロッパ,5554.849,5792.203,237.354,4.27,42921,デンマーク,Denmark,DK,DNK,208,Denmark,F54
ドイツ,ヨーロッパ,80827.001,83783.945,2956.944,3.66,357340,ドイツ,Germany,DE,DEU,276,Germany,F79
ノルウェー,ヨーロッパ,4885.878,5421.242,535.364,10.96,323787,ノルウェー,Norway,NO,NOR,578,Norway,F162
バチカン市国,ヨーロッパ,0.783,0.809,0.026,3.32,0.4,バチカン市国,Vatican City,VA,VAT,336,Vatican City,F94
ハンガリー,ヨーロッパ,9927.38,9660.350,-267.030,-2.69,93024,ハンガリー,Hungary,HU,HUN,348,Hungary,F97
フィンランド,ヨーロッパ,5365.784,5540.718,174.934,3.26,336855,フィンランド,Finland,FI,FIN,246,Finland,F67
フランス,ヨーロッパ,62879.535,65273.512,2393.977,3.81,551500,フランス,France,FR,FRA,250,France,F68
ブルガリア,ヨーロッパ,7425.011,6948.445,-476.566,-6.42,111002,ブルガリア,Bulgaria,BG,BGR,100,Bulgaria,F27
ベラルーシ,ヨーロッパ,9420.576,9449.321,28.745,0.31,207600,ベラルーシ,Belarus,BY,BLR,112,Belarus,F57
ベルギー,ヨーロッパ,10938.735,11589.616,650.881,5.95,30528,ベルギー,Belgium,BE,BEL,56,Belgium,F255
ポーランド,ヨーロッパ,38329.784,37846.605,-483.179,-1.26,311888,ポーランド,Poland,PL,POL,616,Poland,F173
ボスニア・ヘルツェゴビナ,ヨーロッパ,3705.478,3280.815,-424.663,-11.46,51209,ボスニア・ヘルツェゴビナ,Bosnia & Herzegovina,BA,BIH,70,Bosnia and Herzegovina,F80
ポルトガル,ヨーロッパ,10596.055,10196.707,-399.348,-3.77,92225,ポルトガル,Portugal,PT,PRT,620,Portugal,F174
マケドニア,ヨーロッパ,2070.737,2083.380,12.643,0.61,25713,マケドニア,Macedonia,MK,MKD,807,Macedonia,F154
マルタ,ヨーロッパ,414.257,441.539,27.282,6.59,316,マルタ,Malta,MT,MLT,470,Malta,F134
モナコ,ヨーロッパ,35.609,39.244,3.635,10.21,2,モナコ,Monaco,MC,MCO,492,Monaco,F140
モルドバ,ヨーロッパ,4086.09,4033.963,-52.127,-1.28,33846,モルドバ,Moldova,MD,MDA,498,Moldova,F146
モンテネグロ,ヨーロッパ,624.279,628.062,3.783,0.61,13812,モンテネグロ,Montenegro,ME,MNE,499,Montenegro,F273
ラトビア,ヨーロッパ,2118.855,1886.202,-232.653,-10.98,64573,ラトビア,Latvia,LV,LVA,428,Latvia,F119
リトアニア,ヨーロッパ,3123.825,2722.291,-401.534,-12.85,65300,リトアニア,Lithuania,LT,LTU,440,Lithuania,F126
リヒテンシュタイン,ヨーロッパ,35.996,38.137,2.141,5.95,160,リヒテンシュタイン,Liechtenstein,LI,LIE,438,Liechtenstein,F125
ルーマニア,ヨーロッパ,20471.86,19237.682,-1234.178,-6.03,238391,ルーマニア,Romania,RO,ROU,642,Romania,F183
ルクセンブルク,ヨーロッパ,507.89,625.976,118.086,23.25,2586,ルクセンブルク,Luxembourg,LU,LUX,442,Luxembourg,F256
ロシア,ヨーロッパ,143479.273,145934.460,2455.187,1.71,17098246,ロシア,Russia,RU,RUS,643,Russia,F185
アメリカ合衆国,北アメリカ,309011.469,331002.647,21991.178,7.12,9833517,アメリカ合衆国,United States,US,USA,840,United States,F231
アンティグア・バーブーダ,北アメリカ,88.03,97.928,9.898,11.24,442,アンチグア・バーブーダ,Antigua & Barbuda,AG,ATG,28,Antigua and Barbuda,F8
エルサルバドル,北アメリカ,6183.877,6486.201,302.324,4.89,21041,エルサルバドル,El Salvador,SV,SLV,222,El Salvador,F60
カナダ,北アメリカ,34147.566,37742.157,3594.591,10.53,9984670,カナダ,Canada,CA,CAN,124,Canada,F33
キューバ,北アメリカ,11225.833,11326.616,100.783,0.90,109884,キューバ,Cuba,CU,CUB,192,Cuba,F49
グアテマラ,北アメリカ,14630.42,17915.567,3285.147,22.45,108889,グアテマラ,Guatemala,GT,GTM,320,Guatemala,F89
グレナダ,北アメリカ,106.227,112.519,6.292,5.92,345,グレナダ,Grenada,GD,GRD,308,Grenada,F86
コスタリカ,北アメリカ,4577.371,5094.114,516.743,11.29,51100,コスタリカ,Costa Rica,CR,CRI,188,Costa Rica,F48
ジャマイカ,北アメリカ,2810.464,2961.161,150.697,5.36,10991,ジャマイカ,Jamaica,JM,JAM,388,Jamaica,F109
セントクリストファー・ネイビス,北アメリカ,49.011,53.192,4.181,8.53,261,セントクリストファー・ネイビス,St. Kitts & Nevis,KN,KNA,659,St. Kitts and Nevis,F188
セントビンセント・グレナディーン,北アメリカ,108.26,110.947,2.687,2.48,389,セントビンセント・グレナディーン,St. Vincent & the Grenadines,VC,VCT,670,St. Vincent and the Grenadines,F191
セントルシア,北アメリカ,174.092,183.629,9.537,5.48,539,セントルシア,St. Lucia,LC,LCA,662,St. Lucia,F189
ドミニカ共和国,北アメリカ,9695.117,10847.904,1152.787,11.89,48231,ドミニカ,Dominican Republic,DO,DOM,214,Dominican Republic,F56
ドミニカ国,北アメリカ,70.877,71.991,1.114,1.57,750,ドミニカ,Dominica,DM,DMA,212,Dominica,F55
トリニダード・トバゴ,北アメリカ,1328.144,1399.491,71.347,5.37,5130,トリニダード・トバゴ,Trinidad & Tobago,TT,TTO,780,Trinidad and Tobago,F220
ニカラグア,北アメリカ,5824.058,6624.554,800.496,13.74,130373,ニカラグア,Nicaragua,NI,NIC,558,Nicaragua,F157
ハイチ,北アメリカ,9949.318,11402.533,1453.215,14.61,27750,ハイチ,Haiti,HT,HTI,332,Haiti,F93
パナマ,北アメリカ,3642.691,4314.768,672.077,18.45,75320,パナマ,Panama,PA,PAN,591,Panama,F166
バハマ,北アメリカ,354.936,393.248,38.312,10.79,13940,バハマ,The Bahamas,BS,BHS,44,"Bahamas, The",F12
バルバドス,北アメリカ,282.131,287.371,5.240,1.86,430,バルバドス,Barbados,BB,BRB,52,Barbados,F14
ベリーズ,北アメリカ,322.465,397.621,75.156,23.31,22966,ベリーズ,Belize,BZ,BLZ,84,Belize,F23
ホンジュラス,北アメリカ,8317.467,9904.608,1587.141,19.08,112492,ホンジュラス,Honduras,HN,HND,340,Honduras,F95
メキシコ,北アメリカ,114092.961,128932.753,14839.792,13.01,1964375,メキシコ,Mexico,MX,MEX,484,Mexico,F138
アルゼンチン,南アメリカ,40895.751,45195.777,4300.026,10.51,2780400,アルゼンチン,Argentina,AR,ARG,32,Argentina,F9
ウルグアイ,南アメリカ,3359.273,3473.727,114.454,3.41,173626,ウルグアイ,Uruguay,UY,URY,858,Uruguay,F234
エクアドル,南アメリカ,15011.114,17643.060,2631.946,17.53,257217,エクアドル,Ecuador,EC,ECU,218,Ecuador,F58
ガイアナ,南アメリカ,749.43,786.559,37.129,4.95,214969,ガイアナ,Guyana,GY,GUY,328,Guyana,F91
コロンビア,南アメリカ,45222.699,50882.884,5660.185,12.52,1141748,コロンビア,Colombia,CO,COL,170,Colombia,F44
スリナム,南アメリカ,529.126,586.634,57.508,10.87,163820,スリナム,Suriname,SR,SUR,740,Suriname,F207
チリ,南アメリカ,17062.531,19116.209,2053.678,12.04,756102,チリ,Chile,CL,CHL,152,Chile,F40
パラグアイ,南アメリカ,6248.017,7132.530,884.513,14.16,406752,パラグアイ,Paraguay,PY,PRY,600,Paraguay,F169
ブラジル,南アメリカ,195713.637,212559.409,16845.772,8.61,8514877,ブラジル,Brazil,BR,BRA,76,Brazil,F21
ベネズエラ,南アメリカ,28439.942,28435.943,-3.999,-0.01,912050,ベネズエラ,Venezuela,VE,VEN,862,Venezuela,F236
ペルー,南アメリカ,29027.68,32971.846,3944.166,13.59,1285216,ペルー,Peru,PE,PER,604,Peru,F170
ボリビア,南アメリカ,10048.597,11673.029,1624.432,16.17,1098581,ボリビア,Bolivia,BO,BOL,68,Bolivia,F19
LAYER,地域,,,,,,,,,,,,
TITLE,地域,2010年推計人口,2020年推計人口,2010-2020年人口増加数,2010-2020年人口増加率,面積,地域名日本語表記,地域名英語表記,ISO 3166-1国名コード2文字,ISO 3166-1国名コード3文字,ISO 3166-1国番号,地域名英語表記(Long Name),FAOSTATコード
UNIT,CAT,千人,千人,千人,%,km2,STR,STR,STR,STR,STR,STR,STR
NOTE,,World Population Prospects 2019,World Population Prospects 2019,World Population Prospects 2019,World Population Prospects 2019,『世界の統計2016』より,オブジェクト名として使用可能,オブジェクト名として使用可能,オブジェクト名として使用可能,オブジェクト名として使用可能,オブジェクト名として使用可能,,FAOSTATで使用されている国コードで、オブジェクト名として使用可能(先頭のFはISO-3166-1の国番号と区別するため)
DATA_MISSING,,ON,ON,ON,ON,ON,ON,ON,ON,ON,ON,ON,ON
アクサイチン,アジア,,,,,,,,アクサイチン,Aksai Chin,,,
アルナーチャル・プラデーシュ州,アジア,,,,,,,,アルナーチャル・プラデーシュ州,Arunachal Pradesh,,,
イギリス領インド洋地域,アジア,,,,,,イギリス領インド洋地域,British Indian Ocean Territory,IO,IOT,86,British Indian Ocean Territory,
カシミール,アジア,,,,,,,,カシミール,Kashmir,,,
クリスマス諸島,アジア,,,,,,クリスマス諸島,Christmas I.,CX,CXR,162,Christmas Island,
ココス諸島,アジア,,,,,,ココス諸島 ,Cocos Is.,CC,CCK,166,Cocos (Keeling) Islands,
パレスチナ,アジア,4055.632,5101.416,1045.784,25.79,6020,パレスチナ,Palestine,PS,PSE,275,State of Palestine,F299
台湾,アジア,23187.556,23816.775,629.219,2.71,36010,台湾,Taiwan,TW,TWN,158,Taiwan,F214
南樺太,アジア,,,,,,,,南樺太,南樺太,,,
南沙諸島,アジア,,,,,,南沙諸島,Spratly Is.,,,,Spratly Islands,
アビエイ,アフリカ,,,,,,,,アビエイ ,Abyei,,,
グロリオソ諸島,アフリカ,,,,,,グロリオソ諸島,Glorioso Is.,,,,Glorioso Islands,
セントヘレナ,アフリカ,5.183,6.071,0.888,17.13,122,セントヘレナ,St. Helena,SH,SHN,654,St. Helena,F187
ハラーイブ・トライアングル,アフリカ,,,,,,,,ハラーイブ・トライアングル,Hala'ib Triangle,,,
ビル・タウィール,アフリカ,,,,,,,,ビル・タウィール,Bir Tawil,,,
フアン・デ・ノヴァ島,アフリカ,,,,,,フアン・デ・ノヴァ島,Juan De Nova I.,,,,Juan De Nova Island,
マヨット,アフリカ,208.716,272.813,64.097,30.71,,マヨット,Mayotte,YT,MYT,175,Mayotte,F270
リュニオン,アフリカ,830.507,895.308,64.801,7.80,2513,リュニオン,Reunion,RE,REU,638,Reunion,F182
西サハラ,アフリカ,480.268,597.33,117.062,24.37,266000,西サハラ,Western Sahara,EH,ESH,732,Western Sahara,F205
アメリカ領サモア,オセアニア,56.084,55.197,-0.887,-1.58,199,アメリカ領サモア,American Samoa,AS,ASM,16,American Samoa,F5
ウェーク島,オセアニア,,,,,,ウェーク島,Wake I.,,,,Wake Island,
ウォリス・フツナ,オセアニア,12.686,11.246,-1.44,-11.35,,ウォリス・フツナ,Wallis and Futuna,WF,WLF,876,,F243
グアム,オセアニア,159.439,168.783,9.344,5.86,549,グアム,Guam,GU,GUM,316,Guam,F88
ジャーヴィス島,オセアニア,,,,,,ジャーヴィス島,Jarvis I.,,,,Jarvis Island,
ジョンストン環礁,オセアニア,,,,,,ジョンストン環礁,Johnston Atoll,,,,Johnston Atoll,
トケラウ,オセアニア,1.129,1.35,0.221,19.57,12,トケラウ ,Tokelau,TK,TKL,772,Tokelau,F218
ニューカレドニア,オセアニア,253.529,285.491,31.962,12.61,18575,ニューカレドニア,New Caledonia,NC,NCL,540,New Caledonia,F153
ノーフォーク島,オセアニア,,,,,36,ノーフォーク島,Norfolk I.,NF,NFK,574,Norfolk Island,
ハウランド島,オセアニア,,,,,,ハウランド島,Howland I.,,,,Howland Island,
ピトケアン諸島,オセアニア,,,,,,ピトケアン諸島,Pitcairn Is.,PN,PCN,612,Pitcairn Islands,
フランス領ポリネシア,オセアニア,266.449,280.904,14.455,5.43,4000,フランス領ポリネシア,French Polynesia,PF,PYF,258,French Polynesia,F70
ベーカー島,オセアニア,,,,,,ベーカー島,Baker I.,,,,Baker Island,
ミッドウェー諸島,オセアニア,,,,,,ミッドウェー諸島,Midway Is.,,,,Midway Islands,
北マリアナ諸島自治連邦区,オセアニア,53.971,57.557,3.586,6.64,,北マリアナ諸島自治連邦区,Northern Mariana Is.,MP,MNP,580,Northern Mariana Islands,F163
ガーンジー,ヨーロッパ,,,,,,ガーンジー,Guernsey,GG,GGY,831,Guernsey,
ジブラルタル,ヨーロッパ,33.585,33.691,0.106,0.32,6,ジブラルタル,Gibraltar,GI,GIB,292,Gibraltar,F82
ジャージー,ヨーロッパ,,,,,,ジャージー,Jersey,JE,JEY,832,Jersey,
スヴァールバル諸島,ヨーロッパ,,,,,62422,スヴァールバル諸島,Svalbard,SJ,SJM,744,Svalbard,
フェロー諸島,ヨーロッパ,47.803,48.865,1.062,2.22,1393,フェロー諸島,Faroe Is.,FO,FRO,234,Faroe Islands,F64
マン島,ヨーロッパ,84.856,85.032,0.176,0.21,572,マン島,Isle of Man,IM,IMN,833,"Man, Isle of",
ヤンマイエン島,ヨーロッパ,,,,,,ヤンマイエン島,Jan Mayen,,,,Jan Mayen,
アルバ,北アメリカ,101.665,106.766,5.101,5.02,180,アルバ,Aruba,AW,ABW,533,Aruba,F22
アンギラ,北アメリカ,13.436,15.002,1.566,11.66,91,アンギラ,Anguilla,AI,AIA,660,Anguilla,F258
イギリス領ヴァージン諸島,北アメリカ,27.796,30.237,2.441,8.78,151,イギリス領ヴァージン諸島,British Virgin Is.,VG,VGB,92,British Virgin Islands,F239
キュラソー島,北アメリカ,149.188,164.1,14.912,10.00,,オランダ領アンティル,Curacao,CUW,CW,531,Netherlands Antilles,
グアドループ,北アメリカ,406.073,400.127,-5.946,-1.46,,グアドループ,Guadeloupe,GP,GLP,312,Guadeloupe,F87
グリーンランド,北アメリカ,56.638,56.772,0.134,0.24,2166086,グリーンランド,Greenland,GL,GRL,304,Greenland,F85
ケイマン諸島,北アメリカ,56.672,65.72,9.048,15.97,264,ケイマン諸島,Cayman Is.,KY,CYM,136,Cayman Islands,F36
サンピエール島およびミクロン島,北アメリカ,6.361,5.795,-0.566,-8.90,242,サンピエール島およびミクロン島,St. Pierre & Miquelon,PM,SPM,666,St. Pierre and Miquelon,F190
タークス・カイコス諸島,北アメリカ,32.658,38.718,6.06,18.56,948,タークス・カイコス諸島,Turks & Caicos Is.,TC,TCA,796,Turks and Caicos Islands,F224
バージン諸島,北アメリカ,106.086,104.423,-1.663,-1.57,347,バージン諸島,Virgin Is.,VI,VIR,850,Virgin Islands,F240
バミューダ諸島,北アメリカ,65.388,62.273,-3.115,-4.76,53,バミューダ諸島,Bermuda,BM,BMU,60,Bermuda,F17
プエルトリコ,北アメリカ,3579.842,2860.84,-719.002,-20.08,8868,プエルトリコ,Puerto Rico,PR,PRI,630,Puerto Rico,F177
マルティニーク,北アメリカ,394.666,375.265,-19.401,-4.92,1128,マルティニーク,Martinique,MQ,MTQ,474,Martinique,F135
モントセラト,北アメリカ,4.895,4.999,0.104,2.12,103,モントセラト,Montserrat,MS,MSR,500,Montserrat,F142
サウスジョージア・サウスサンドウィッチ諸島,南アメリカ,,,,,,サウスジョージア・サウスサンドウィッチ諸島,South Georgia & the South Sandwich Is.,GS,SGS,239,South Georgia and the South Sandwich Is,
フォークランド諸島,南アメリカ,2.902,3.483,0.581,20.02,12173,フォークランド諸島,Falkland Is.,FK,FLK,238,Falkland Islands (Islas Malvinas),F65
フランス領ギアナ,南アメリカ,232.996,298.682,65.686,28.19,83534,フランス領ギアナ,French Guiana,GF,GUF,254,French Guiana,F69
ハード島とマクドナルド諸島,インド洋地域,,,,,,ハード島とマクドナルド諸島,Heard I. & McDonald Is.,HM,HMD,334,Heard Island & McDonald Islands,
ブーベ島,南極,,,,,,ブーベ島,Bouvet I.,BV,BVT,74,Bouvet Island,
フランス領南方・南極地域,インド洋地域,,,,,,フランス領南方・南極地域,French Southern & Antarctic Lands,TF,ATF,260,French Southern & Antarctic Lands,
南極,南極,,,,,,南極,Antarctica,AQ,ATA,10,Antarctica,
LAYER,湖,,,,,,,,,,,,
TITLE,湖名,,,,,湖,,,,,,,
UNIT,STR,,,,,CAT,,,,,,,
NOTE,オブジェクト名として使用可能,,,,,湖,,,,,,,
ラドガ湖,ラドガ湖,,,,,湖,,,,,,,
バルハシ湖,バルハシ湖,,,,,湖,,,,,,,
アラル海,アラル海,,,,,湖,,,,,,,
タンガニーカ湖,タンガニーカ湖,,,,,湖,,,,,,,
五大湖,五大湖,,,,,湖,,,,,,,
エリー湖,エリー湖,,,,,湖,,,,,,,
マラウィ湖,マラウィ湖,,,,,湖,,,,,,,
ビクトリア湖,ビクトリア湖,,,,,湖,,,,,,,
バイカル湖,バイカル湖,,,,,湖,,,,,,,
ウィニペグ湖,ウィニペグ湖,,,,,湖,,,,,,,
グレートスレーブ湖,グレートスレーブ湖,,,,,湖,,,,,,,
オンタリオ湖,オンタリオ湖,,,,,湖,,,,,,,
グレートベアー湖,グレートベアー湖,,,,,湖,,,,,,,
ベーネル湖,ベーネル湖,,,,,湖,,,,,,,
チチカカ湖,チチカカ湖,,,,,湖,,,,,,,
オネガ湖,オネガ湖,,,,,湖,,,,,,,
グレートソルト湖,グレートソルト湖,,,,,湖,,,,,,,
アサバスカ湖,アサバスカ湖,,,,,湖,,,,,,,
アイダール湖,アイダール湖,,,,,湖,,,,,,,
ネティリング湖,ネティリング湖,,,,,湖,,,,,,,
トゥルカナ湖,トゥルカナ湖,,,,,湖,,,,,,,
洪沢湖,洪沢湖,,,,,湖,,,,,,,
ハンカ湖,ハンカ湖,,,,,湖,,,,,,,
トンレサップ湖,トンレサップ湖,,,,,湖,,,,,,,
青海湖,青海湖,,,,,湖,,,,,,,
太湖,太湖,,,,,湖,,,,,,,
カスピ海,カスピ海,,,,,湖,,,,,,,
